<!--
  ~ Hibernate, Relational Persistence for Idiomatic Java
  ~
  ~ License: GNU Lesser General Public License (LGPL), version 2.1 or later.
  ~ See the lgpl.txt file in the root directory or <http://www.gnu.org/licenses/lgpl-2.1.html>.
  -->
<!DOCTYPE hibernate-configuration PUBLIC
	"-//Hibernate/Hibernate Configuration DTD 3.0//EN"
	"http://www.hibernate.org/dtd/hibernate-configuration-3.0.dtd">

<hibernate-configuration>
    <session-factory>
        <property name="hibernate.dialect">org.hibernate.dialect.PostgreSQL92Dialect</property>
        <property name="hibernate.connection.driver_class">org.postgresql.Driver</property>
        <property name="hibernate.connection.username">postgres</property>
        <property name="hibernate.connection.password">bdappleilao</property>
        <property name="hibernate.connection.url">jdbc:postgresql://localhost:5432/leilao</property>


        <property name="connection_pool_size">1</property>

        

        <property name="show_sql">true</property>

       <mapping class="com.leilao.Usuario"/>
       <mapping class="com.leilao.Instituicao"/>
       <mapping class="com.leilao.Item"/>
       <mapping class="com.leilao.Lista_Compras"/>
       <mapping class="com.leilao.Lista_Itens"/>
       <mapping class="com.leilao.Leilao"/>
       
       

    </session-factory>
</hibernate-configuration>